<?xml version="1.0" encoding="utf-8"?>
<install version="1.5" type="plugin" group="content">
	<name>Content - Multi Calendar</name>
	<author>Codepeople</author>
	<creationDate>December 2011</creationDate>
	<copyright>Copyright (C) 2011 Codepeople. All rights reserved.</copyright>
	<license>GNU/GPL http://www.gnu.org/copyleft/gpl.html</license>
	<authorEmail>info@joomlacalendars.com</authorEmail>
	<authorUrl>www.joomlacalendars.org</authorUrl>
	<version>1.6.0</version>
	<description>Replace Multi Calendar placeholders in article contents.</description>
	<files>
		<filename plugin="multicalendar">multicalendar.php</filename>
	</files>
</install>
